INSERT INTO `Account` 
values('ACCT0000','baolhv','lehungvietbao0101','Le Hung Viet Bao','1983/09/27','0903435848','Male',0),
('ACCT0001','longdh','daohailong0101','Dao Hai Long','1983/02/26','0948411919','Male',0),
('ACCT0002','hoannt','nguyenthehoan0101','Nguyen The Hoan','1983/01/21','0915511962','Male',0),
('ACCT0003','tuannd','ngodactuan0101','Nguyen Dac Tuan','1985/09/27','0946546530','Male',0),
('ACCT0004','vuongncg','nguyenchugiavuong0101','Nguyen Chu Gia Vuong','1993/03/21','0973788255','Male',0),
('ACCT0005','vutd','todongvu0101','To Dong Vu','1995/09/08','01678776778','Male',0),
('ACCT0006','taihh','hahuytai0101','Ha Huy Tai','1994/03/27','01657757995','Male',0),
('ACCT0007','hungpk','phamkimhung0101','Pham Kim Hung','1986/10/10','01234567891','Male',0),
('ACCT0008','phuoclh','lehuuphuoc0101','Le Huu Phuoc','1989/09/02','0963656868','Male',0),
('ACCT0009','hoannl','nguyenlinhhoan0101','Nguyen Linh Hoan','1995/04/30','01689655741','Female',0),
('ACCT0010','maya','mayayoshida0101','Maya Yoshida','1995/06/01','01684102112','Male',0),
('ACCT0011','victor','victorwanyama0101','Victor Wanyama','1996/10/20','0989114840','Male',0),
('ACCT0012','steven','stevendavis0101','Steven Davis','1999/12/24','0983242356','Male',0),
('ACCT0013','angel','dimaria0101','Angel Di María','1990/12/31','01698319780','Male',0),
('ACCT0014','robert','lewandowski0101','Robert Lewandowski','1991/01/28','0949887586','Male',0),
('ACCT0015','manuel','manuelneuer0101','Manuel Neuer','1992/06/28','01699022976','Male',0),
('ACCT0016','douglas','douglascosta0101','Douglas Costa','1984/03/30','01683273072','Male',0),
('ACCT0017','ross','rossbarkley0101','Ross Barkley','1988/02/29','0977762970','Male',0),
('ACCT0018','ivan','ivanrakitic0101','Ivan Rakitic','1981/03/22','01698410895','Male',0),
('ACCT0019','mateo','mateokovacic0101','Mateo Kovacic','1982/11/20','01658558007','Male',0),
('ACCT0020','luka','lukamodric0101','Luka Modric','1980/01/01','01632460968','Male',0);


INSERT INTO `Roles`
VALUES ('ROLE0001','Customer'),
('ROLE0002','RestaurantManager');


INSERT INTO `AccountAssignment` 
VALUES ('ACCT0000','ROLE0001'),
('ACCT0001','ROLE0001'),
('ACCT0002','ROLE0001'),
('ACCT0003','ROLE0001'),
('ACCT0004','ROLE0001'),
('ACCT0005','ROLE0001'),
('ACCT0006','ROLE0001'),
('ACCT0007','ROLE0001'),
('ACCT0008','ROLE0001'),
('ACCT0009','ROLE0001'),
('ACCT0010','ROLE0001'),
('ACCT0011','ROLE0001'),
('ACCT0012','ROLE0001'),
('ACCT0013','ROLE0001'),
('ACCT0014','ROLE0001'),
('ACCT0015','ROLE0001'),
('ACCT0016','ROLE0001'),
('ACCT0017','ROLE0001'),
('ACCT0018','ROLE0001'),
('ACCT0019','ROLE0001'),
('ACCT0020','ROLE0001'),
('ACCT0000','ROLE0002'),
('ACCT0005','ROLE0002'),
('ACCT0007','ROLE0002'),
('ACCT0008','ROLE0002'),
('ACCT0009','ROLE0002'),
('ACCT0014','ROLE0002'),
('ACCT0016','ROLE0002'),
('ACCT0019','ROLE0002');


INSERT INTO `Objects` VALUES
('OBJT0001','Reservation'),
('OBJT0002','Account'),
('OBJT0003','Restaurant'),
('OBJT0004','SequenceRestaurant'),
('OBJT0005','Provide'),
('OBJT0006','FoodSet');


INSERT INTO `Operations`
VALUES ('OPER0000','NULL','0','0','0','0'),
('OPER0001','D','0','0','0','1'),
('OPER0002','U','0','0','1','0'),
('OPER0003','DU','0','0','1','1'),
('OPER0004','I','0','1','0','0'),
('OPER0005','ID','0','1','0','1'),
('OPER0006','IU','0','1','1','0'),
('OPER0007','IUD','0','1','1','1'),
('OPER0008','R','1','0','0','0'),
('OPER0009','RD','1','0','0','1'),
('OPER0010','RU','1','0','1','0'),
('OPER0011','RUD','1','0','1','1'),
('OPER0012','RI','1','1','0','0'),
('OPER0013','RID','1','1','0','1'),
('OPER0014','RIU','1','1','1','0'),
('OPER0015','RIUD','1','1','1','1');


INSERT INTO `Permissions` (PRMID,PermissionName,OBJID,OPID)
VALUES
('PERM0001','RU-Account','OBJT0002','OPER0010'),/* Doc,Cap nhat tren bang Account.*/
('PERM0002','RI-Restaurant','OBJT0003','OPER0012'),/*Doc,Them du lieu tren bang Restaurant.*/
('PERM0003','RIU-Restaurant','OBJT0003','OPER0014'),/* Doc,Them,Cap Nhat du lieu tren bang Restaurant.*/
('PERM0004','R-SequenceRestaurant','OBJT0004','OPER0008'),/* Doc du lieu tren bang SequenceRestaurant. */
('PERM0005','RIUD-SequenceRestaurant','OBJT0004','OPER0015'),/* Doc,Them,Cap Nhat,Xoa du lieu tren bang SequenceRestaurant.*/
('PERM0006','R-Provide','OBJT0005','OPER0008'),/* Doc du lieu tren bang Provide.*/
('PERM0007','RIUD-Provide','OBJT0005','OPER0015'),/* Doc,Them,Cap nhat,Xoa du lieu tren bang Provide.*/
('PERM0008','RIUD-Reservation','OBJT0001','OPER0015'),/* Doc,Them,Cap nhat,Xoa du lieu tren bang Reservation.*/
('PERM0009','RD-Reservation','OBJT0001','OPER0009'),/* Doc,Xoa du lieu tren bang Reservation.*/
('PERM0010','RI-FoodSet','OBJT0006','OPER0012'),/* Doc,Them du lieu cua bang FoodSet.*/
('PERM0011','R-FoodSet','OBJT0006','OPER0008');/*Doc du lieu cua bang FoodSet.*/


INSERT INTO PermissionsAssignment (RLID,PRMID) VALUES
('ROLE0001','PERM0001'),
('ROLE0002','PERM0001'),
('ROLE0001','PERM0002'),
('ROLE0002','PERM0003'),
('ROLE0001','PERM0004'),
('ROLE0002','PERM0005'),
('ROLE0001','PERM0006'),
('ROLE0002','PERM0007'),
('ROLE0001','PERM0008'),
('ROLE0002','PERM0009'),
('ROLE0001','PERM0011'),
('ROLE0002','PERM0010');

INSERT INTO `Restaurant`
values('REST0001','123','ACCT0000'),
('REST0002','ABC','ACCT0000'),
('REST0003','LOTTE','ACCT0007'),
('REST0004','KFC','ACCT0005'),
('REST0005','Thien Loc','ACCT0019'),
('REST0006','MasterChef','ACCT0000'),
('REST0007','The Sun','ACCT0008'),
('REST0008','VINGON 22','ACCT0007'),
('REST0009','Sing','ACCT0009'),
('REST0010','Eureka Coffee & Fastfood Shop','ACCT0016'),
('REST0011','Van Tue Thang Long','ACCT0007'),
('REST0012','V2 Club','ACCT0016'),
('REST0013','Sumo BBQ','ACCT0014'),
('REST0014','Hai Long Vuong','ACCT0009'),
('REST0015','Hoang De','ACCT0019'),
('REST0016','Bac Bo','ACCT0009'),
('REST0017','McDonnald','ACCT0014');

INSERT INTO `FoodSet`
VALUES
('Com Ga'),
('Pho Bo'),
('Chao Suon'),
('My Van Than'),
('Bun Bo Nam Bo'),
('Pho Ga'),
('Lau ech'),
('Com Tron Han Quoc'),
('Banh Xeo'),
('Khoai Tay Nghien'),
('Thit Bo Luc Lac'),
('Banh Trung'),
('Xoi Ga'),
('Xoi Thit Kho'),
('Bun Cha'),
('Lau Thai'),
('Banh Pizza'),
('Bun Thang'),
('Sushi'),
('Pho Mai Que'),
('Ga Ham Thuoc Bac'),
('Com Rang Hai San'),
('Banh Humberger'),
('Lau Nuong'),
('Lau Nam'),
('Gia Cay'),
('Kimchi'),
('Bun Ca Hai Phong'),
('Pho Cuon'),
('Chao Trai'),
('Mien Tron'),
('Khoai Tay Chien'),
('Nem Chua'),
('Banh My Sandwich'),
('Tobuki'),
('Salad Nga'),
('Nem Uyen Uong'),
('Tra Sua Chan Chau'),
('Cocktail'),
('Cha Ruoi'),
('Cao Lau'),
('Vit Quay Bac Kinh'),
('Ngan Om Sau'),
('Chao Ga'),
('Pho Xao'),
('Chao Ca'),
('Chan Gio Hun Kho');

INSERT INTO `SequenceRestaurant`(ResID,Address)
VALUES
('REST0001','25 Pho Hue'),
('REST0001','365 Kim Ma'),
('REST0002','29 Hang Bai'),
('REST0002','125 Cau Giay'),
('REST0002','19 Tran Dai Nghia'),
('REST0003','255 Bach Mai'),
('REST0003','12 Hai Ba Trung'),
('REST0003','3 Hang Muoi'),
('REST0004','505 Dai La'),
('REST0004','106 Hoang Quoc Viet'),
('REST0004','28 Hang Tre'),
('REST0004','30 Hoang Dieu'),
('REST0004','299 Giai Phong'),
('REST0005','2 Giai Phong'),
('REST0006','1 Lac Long Quan'),
('REST0007','20 Quan Thanh'),
('REST0008','3 Chua Boc'),
('REST0009','12 Pham Ngoc Thach'),
('REST0010','255 Truong Trinh'),
('REST0011','30 Dinh Tien Hoang'),
('REST0012','2 Trang Tien'),
('REST0013','24 Trang Thi'),
('REST0014','33 Le Duan'),
('REST0015','2 Nam Ngu'),
('REST0016','7 Dien Bien Phu'),
('REST0017','54 Le Thanh Nghi'),
('REST0017','99 Hang Dau'),
('REST0017','202 De La Thanh');


INSERT INTO `Provide`
VALUES
('REST0001','Com Ga','20000','My Food Is The Best'),
('REST0001','Pho Bo','30000','My Food Is The Best'),
('REST0001','Chao Suon','40000','My Food Is The Best'),
('REST0001','My Van Than','50000','My Food Is The Best'),
('REST0001','Bun Bo Nam Bo','60000','My Food Is The Best'),
('REST0001','Pho Ga','70000','My Food Is The Best'),
('REST0001','Lau ech','80000','My Food Is The Best'),
('REST0001','Com Tron Han Quoc','90000','My Food Is The Best'),
('REST0001','Banh Xeo','100000','My Food Is The Best'),
('REST0001','Banh My Sandwich','25000','My Food Is The Best'),
('REST0001','Khoai Tay Nghien','35000','My Food Is The Best'),
('REST0001','Thit Bo Luc Lac','45000','My Food Is The Best'),
('REST0001','Banh Trung','45000','My Food Is The Best'),
('REST0001','Xoi Ga','20000','My Food Is The Best'),
('REST0001','Xoi Thit Kho','55000','My Food Is The Best'),
('REST0002','Com Ga','20000','My Food Is The Best'),
('REST0002','Bun Cha','30000','My Food Is The Best'),
('REST0002','Pho Bo','40000','My Food Is The Best'),
('REST0002','Lau Thai','50000','My Food Is The Best'),
('REST0002','Chao Suon','60000','My Food Is The Best'),
('REST0002','Banh Pizza','70000','My Food Is The Best'),
('REST0002','Chao Ga','80000','My Food Is The Best'),
('REST0002','Com Tron Han Quoc','90000','My Food Is The Best'),
('REST0002','Bun Thang','100000','My Food Is The Best'),
('REST0002','Sushi','25000','My Food Is The Best'),
('REST0002','Pho Mai Que','35000','My Food Is The Best'),
('REST0002','Ga Ham Thuoc Bac','45000','My Food Is The Best'),
('REST0002','Banh Trung','45000','My Food Is The Best'),
('REST0002','Xoi Ga','20000','My Food Is The Best'),
('REST0002','Xoi Thit Kho','55000','My Food Is The Best'),
('REST0003','Com Ga','20000','My Food Is The Best'),
('REST0003','Bun Cha','35000','My Food Is The Best'),
('REST0003','Pho Bo','45000','My Food Is The Best'),
('REST0003','Com Rang Hai San','55000','My Food Is The Best'),
('REST0003','Bun Bo Nam Bo','65000','My Food Is The Best'),
('REST0003','Banh Pizza','75000','My Food Is The Best'),
('REST0003','Banh Humberger','85000','My Food Is The Best'),
('REST0003','Lau Nuong','90000','My Food Is The Best'),
('REST0003','Bun Thang','150000','My Food Is The Best'),
('REST0003','Lau Nam','35000','My Food Is The Best'),
('REST0003','Sushi','45000','My Food Is The Best'),
('REST0003','Gia Cay','45000','My Food Is The Best'),
('REST0003','Xoi Thit Kho','20000','My Food Is The Best'),
('REST0003','Kimchi','55000','My Food Is The Best'),
('REST0004','Com Ga','35000','My Food Is The Best'),
('REST0004','Bun Cha','45000','My Food Is The Best'),
('REST0004','Pho Bo','55000','My Food Is The Best'),
('REST0004','Lau Thai','65000','My Food Is The Best'),
('REST0004','Chao Suon','76000','My Food Is The Best'),
('REST0004','Banh Pizza','86000','My Food Is The Best'),
('REST0004','My Van Than','96000','My Food Is The Best'),
('REST0004','Com Rang Hai San','160000','My Food Is The Best'),
('REST0004','Bun Bo Nam Bo','23000','My Food Is The Best'),
('REST0004','Pho Ga','33000','My Food Is The Best'),
('REST0004','Lau ech','43000','My Food Is The Best'),
('REST0004','Chao Ga','43000','My Food Is The Best'),
('REST0004','Banh Humberger','51000','My Food Is The Best'),
('REST0004','Com Tron Han Quoc','31000','My Food Is The Best'),
('REST0005','Bun Thang','41000','My Food Is The Best'),
('REST0005','Pho Xao','51000','My Food Is The Best'),
('REST0005','Lau Nuong','61000','My Food Is The Best'),
('REST0005','Chao Ca','71000','My Food Is The Best'),
('REST0005','Banh Xeo','81000','My Food Is The Best'),
('REST0005','Xoi Ga','99000','My Food Is The Best'),
('REST0005','Xoi Thit Kho','29000','My Food Is The Best'),
('REST0005','Bun Ca Hai Phong','39000','My Food Is The Best'),
('REST0005','Pho Cuon','49000','My Food Is The Best'),
('REST0005','Chao Trai','49000','My Food Is The Best'),
('REST0005','Mien Tron','27000','My Food Is The Best'),
('REST0005','Khoai Tay Chien','57000','My Food Is The Best'),
('REST0005','Nem Chua','37000','My Food Is The Best'),
('REST0005','Banh My Sandwich','47000','My Food Is The Best'),
('REST0006','My Van Than','57000','My Food Is The Best'),
('REST0006','Bun Bo Nam Bo','67000','My Food Is The Best'),
('REST0006','Pho Ga','77000','My Food Is The Best'),
('REST0006','Lau ech','87000','My Food Is The Best'),
('REST0006','Com Tron Han Quoc','97000','My Food Is The Best'),
('REST0006','Banh Xeo','180000','My Food Is The Best'),
('REST0006','Banh My Sandwich','28000','My Food Is The Best'),
('REST0006','Khoai Tay Nghien','38000','My Food Is The Best'),
('REST0006','Thit Bo Luc Lac','48000','My Food Is The Best'),
('REST0006','Banh Trung','48000','My Food Is The Best'),
('REST0007','Xoi Ga','28000','My Food Is The Best'),
('REST0007','Xoi Thit Kho','58000','My Food Is The Best'),
('REST0007','Pho Bo','38000','My Food Is The Best'),
('REST0007','Chao Suon','48000','My Food Is The Best'),
('REST0007','My Van Than','58000','My Food Is The Best'),
('REST0007','Bun Bo Nam Bo','68000','My Food Is The Best'),
('REST0007','Pho Ga','78000','My Food Is The Best'),
('REST0007','Lau ech','88000','My Food Is The Best'),
('REST0007','Com Tron Han Quoc','98000','My Food Is The Best'),
('REST0007','Banh Xeo','180000','My Food Is The Best'),
('REST0008','Banh My Sandwich','28000','My Food Is The Best'),
('REST0008','Khoai Tay Nghien','38000','My Food Is The Best'),
('REST0008','Thit Bo Luc Lac','48000','My Food Is The Best'),
('REST0008','Banh Trung','48000','My Food Is The Best'),
('REST0008','Xoi Ga','20500','My Food Is The Best'),
('REST0008','Xoi Thit Kho','55500','My Food Is The Best'),
('REST0008','Pho Bo','30500','My Food Is The Best'),
('REST0008','Chao Suon','40500','My Food Is The Best'),
('REST0008','My Van Than','50500','My Food Is The Best'),
('REST0008','Bun Bo Nam Bo','60500','My Food Is The Best'),
('REST0009','Pho Ga','70500','My Food Is The Best'),
('REST0009','Lau ech','80500','My Food Is The Best'),
('REST0009','Com Tron Han Quoc','90500','My Food Is The Best'),
('REST0009','Banh Xeo','105000','My Food Is The Best'),
('REST0009','Banh My Sandwich','21000','My Food Is The Best'),
('REST0009','Khoai Tay Nghien','31000','My Food Is The Best'),
('REST0009','Thit Bo Luc Lac','41000','My Food Is The Best'),
('REST0009','Banh Trung','41000','My Food Is The Best'),
('REST0009','Xoi Ga','21000','My Food Is The Best'),
('REST0009','Xoi Thit Kho','51000','My Food Is The Best'),
('REST0010','Pho Bo','31000','My Food Is The Best'),
('REST0010','Chao Suon','41000','My Food Is The Best'),
('REST0010','My Van Than','51000','My Food Is The Best'),
('REST0010','Bun Bo Nam Bo','61000','My Food Is The Best'),
('REST0010','Pho Ga','71000','My Food Is The Best'),
('REST0010','Lau ech','81000','My Food Is The Best'),
('REST0010','Com Tron Han Quoc','91000','My Food Is The Best'),
('REST0010','Banh Xeo','110000','My Food Is The Best'),
('REST0010','Banh My Sandwich','21000','My Food Is The Best'),
('REST0010','Khoai Tay Nghien','31000','My Food Is The Best'),
('REST0011','Thit Bo Luc Lac','42000','My Food Is The Best'),
('REST0011','Banh Trung','42000','My Food Is The Best'),
('REST0011','Xoi Ga','22000','My Food Is The Best'),
('REST0011','Xoi Thit Kho','52000','My Food Is The Best'),
('REST0011','Pho Bo','32000','My Food Is The Best'),
('REST0011','Chao Suon','42000','My Food Is The Best'),
('REST0011','My Van Than','52000','My Food Is The Best'),
('REST0011','Bun Bo Nam Bo','62000','My Food Is The Best'),
('REST0011','Pho Ga','72000','My Food Is The Best'),
('REST0011','Lau ech','82000','My Food Is The Best'),
('REST0012','Com Tron Han Quoc','92000','My Food Is The Best'),
('REST0012','Banh Xeo','120000','My Food Is The Best'),
('REST0012','Banh My Sandwich','22000','My Food Is The Best'),
('REST0012','Khoai Tay Nghien','32000','My Food Is The Best'),
('REST0012','Thit Bo Luc Lac','42000','My Food Is The Best'),
('REST0012','Banh Trung','42000','My Food Is The Best'),
('REST0012','Pho Cuon','22000','My Food Is The Best'),
('REST0012','Xoi Thit Kho','53000','My Food Is The Best'),
('REST0012','Bun Thang','93000','My Food Is The Best'),
('REST0012','Xoi Ga','130000','My Food Is The Best'),
('REST0013','Banh My Sandwich','23000','My Food Is The Best'),
('REST0013','Khoai Tay Nghien','33000','My Food Is The Best'),
('REST0013','Thit Bo Luc Lac','43000','My Food Is The Best'),
('REST0013','Banh Trung','43000','My Food Is The Best'),
('REST0013','Xoi Ga','23000','My Food Is The Best'),
('REST0013','Xoi Thit Kho','53000','My Food Is The Best'),
('REST0013','Com Tron Han Quoc','93000','My Food Is The Best'),
('REST0013','Banh Xeo','130000','My Food Is The Best'),
('REST0013','Ga Ham Thuoc Bac','23000','My Food Is The Best'),
('REST0013','Lau Nam','33000','My Food Is The Best'),
('REST0014','Bun Cha','43000','My Food Is The Best'),
('REST0014','Chao Ga','43000','My Food Is The Best'),
('REST0014','Xoi Thit Kho','23000','My Food Is The Best'),
('REST0014','Sushi','53000','My Food Is The Best'),
('REST0014','Tobuki','93000','My Food Is The Best'),
('REST0014','Banh Xeo','130000','My Food Is The Best'),
('REST0014','Banh My Sandwich','23000','My Food Is The Best'),
('REST0014','Khoai Tay Nghien','33000','My Food Is The Best'),
('REST0014','Thit Bo Luc Lac','44000','My Food Is The Best'),
('REST0014','Banh Trung','44000','My Food Is The Best'),
('REST0015','Lau ech','24000','My Food Is The Best'),
('REST0015','Xoi Ga','54000','My Food Is The Best'),
('REST0015','Sushi','94000','My Food Is The Best'),
('REST0015','Khoai Tay Nghien','140000','My Food Is The Best'),
('REST0015','Banh My Sandwich','24000','My Food Is The Best'),
('REST0015','Pho Mai Que','34000','My Food Is The Best'),
('REST0015','Thit Bo Luc Lac','45000','My Food Is The Best'),
('REST0015','Banh Trung','45000','My Food Is The Best'),
('REST0015','Nem Chua','25000','My Food Is The Best'),
('REST0015','Xoi Thit Kho','55000','My Food Is The Best'),
('REST0016','Gia Cay','95000','My Food Is The Best'),
('REST0016','Khoai Tay Nghien','150000','My Food Is The Best'),
('REST0016','Tobuki','25000','My Food Is The Best'),
('REST0016','Salad Nga','35000','My Food Is The Best'),
('REST0016','Nem Uyen Uong','45000','My Food Is The Best'),
('REST0016','Pho Mai Que','45000','My Food Is The Best'),
('REST0016','Tra Sua Chan Chau','25000','My Food Is The Best'),
('REST0016','Cocktail','55000','My Food Is The Best'),
('REST0016','Lau Nam','95000','My Food Is The Best'),
('REST0016','Cha Ruoi','150000','My Food Is The Best'),
('REST0017','Banh My Sandwich','25000','My Food Is The Best'),
('REST0017','Sushi','45000','My Food Is The Best'),
('REST0017','Kimchi','45000','My Food Is The Best'),
('REST0017','Cao Lau','25000','My Food Is The Best'),
('REST0017','Vit Quay Bac Kinh','56000','My Food Is The Best'),
('REST0017','Ngan Om Sau','96000','My Food Is The Best'),
('REST0017','Chan Gio Hun Kho','160000','My Food Is The Best'),
('REST0017','Thit Bo Luc Lac','26000','My Food Is The Best'),
('REST0017','Ga Ham Thuoc Bac','36000','My Food Is The Best');


INSERT INTO `Reservation` 
VALUES
('ACCT0001', '25 Pho Hue', 'Com Ga', '2015-09-27 17:30:00', '1','Updating','20000','Change Foodname,Time,Status,Quantity','Change Status,Delete After Order Day 1 Day','Delete','Deny,Lock'),
('ACCT0001', '365 Kim Ma', 'Bun Bo Nam Bo', '2015-09-27 17:30:00', '1','Updating','60000','Change Foodname,Time,Status,Quantity','Change Status,Delete After Order Day 1 Day','Delete','Deny,Lock'),
('ACCT0001', '25 Pho Hue', 'Pho Bo', '2015-09-27 17:30:00', '2','Updating','30000','Change Foodname,Time,Status,Quantity','Change Status,Delete After Order Day 1 Day','Delete','Deny,Lock'),
('ACCT0001', '365 Kim Ma', 'Chao Suon', '2015-09-27 17:30:00', '1','Updating','40000','Change Foodname,Time,Status,Quantity','Change Status,Delete After Order Day 1 Day','Delete','Deny,Lock'),
('ACCT0001', '29 Hang Bai', 'Lau Thai', '2015-05-01 09:15:00', '1','Updating','50000','Change Foodname,Time,Status,Quantity','Change Status,Delete After Order Day 1 Day','Delete','Deny,Lock'),
('ACCT0001', '29 Hang Bai', 'Chao Ga', '2015-05-01 09:15:00', '1','Updating','80000','Change Foodname,Time,Status,Quantity','Change Status,Delete After Order Day 1 Day','Delete','Deny,Lock'),
('ACCT0001', '125 Cau Giay', 'Banh Pizza', '2015-05-01 09:15:00', '4','Updating','70000','Change Foodname,Time,Status,Quantity','Change Status,Delete After Order Day 1 Day','Delete','Deny,Lock'),
('ACCT0002', '365 Kim Ma', 'Banh My Sandwich', '2015-09-27 18:30:00', '1','Updating','25000','Change Foodname,Time,Status,Quantity','Change Status,Delete After Order Day 1 Day','Delete','Deny,Lock'),
('ACCT0002', '25 Pho Hue', 'Banh Xeo', '2015-09-27 18:30:00', '3','Updating','100000','Change Foodname,Time,Status,Quantity','Change Status,Delete After Order Day 1 Day','Delete','Deny,Lock'),
('ACCT0002', '25 Pho Hue', 'Lau ech', '2015-09-27 18:30:00', '1','Updating','80000','Change Foodname,Time,Status,Quantity','Change Status,Delete After Order Day 1 Day','Delete','Deny,Lock'),
('ACCT0002', '25 Pho Hue', 'Pho Ga', '2015-09-27 18:30:00', '2','Updating','70000','Change Foodname,Time,Status,Quantity','Change Status,Delete After Order Day 1 Day','Delete','Deny,Lock'),
('ACCT0002', '125 Cau Giay', 'Chao Ga', '2015-05-01 20:15:00', '1','Updating','80000','Change Foodname,Time,Status,Quantity','Change Status,Delete After Order Day 1 Day','Delete','Deny,Lock'),
('ACCT0002', '19 Tran Dai Nghia', 'Bun Cha', '2015-05-01 20:15:00', '3','Updating','40000','Change Foodname,Time,Status,Quantity','Change Status,Delete After Order Day 1 Day','Delete','Deny,Lock'),
('ACCT0002', '19 Tran Dai Nghia', 'Chao Suon', '2015-05-01 20:15:00', '1','Updating','60000','Change Foodname,Time,Status,Quantity','Change Status,Delete After Order Day 1 Day','Delete','Deny,Lock'),
('ACCT0003', '25 Pho Hue', 'Com Ga', '2015-09-27 20:30:00', '2','Updating','20000','Change Foodname,Time,Status,Quantity','Change Status,Delete After Order Day 1 Day','Delete','Deny,Lock'),
('ACCT0003', '25 Pho Hue', 'Bun Bo Nam Bo', '2015-09-27 20:30:00', '1','Updating','60000','Change Foodname,Time,Status,Quantity','Change Status,Delete After Order Day 1 Day','Delete','Deny,Lock'),
('ACCT0003', '25 Pho Hue', 'Pho Bo', '2015-09-27 20:30:00', '2','Updating','30000','Change Foodname,Time,Status,Quantity','Change Status,Delete After Order Day 1 Day','Delete','Deny,Lock'),
('ACCT0003', '255 Bach Mai', 'Xoi Thit Kho', '2015-05-01 10:15:00', '1','Updating','20000','Change Foodname,Time,Status,Quantity','Change Status,Delete After Order Day 1 Day','Delete','Deny,Lock'),
('ACCT0003', '12 Hai Ba Trung', 'Pho Bo', '2015-05-01 10:15:00', '2','Updating','45000','Change Foodname,Time,Status,Quantity','Change Status,Delete After Order Day 1 Day','Delete','Deny,Lock'),
('ACCT0004', '33 Le Duan', 'Bun Cha', '2015-12-31 21:55:00', '1','Updating','43000','Change Foodname,Time,Status,Quantity','Change Status,Delete After Order Day 1 Day','Delete','Deny,Lock'),
('ACCT0004', '33 Le Duan', 'Chao Ga', '2015-12-31 21:55:00', '1','Updating','43000','Change Foodname,Time,Status,Quantity','Change Status,Delete After Order Day 1 Day','Delete','Deny,Lock'),
('ACCT0005', '505 Dai La', 'Bun Cha', '2015-12-31 21:55:00', '1','Updating','45000','Change Foodname,Time,Status,Quantity','Change Status,Delete After Order Day 1 Day','Delete','Deny,Lock'),
('ACCT0005', '28 Hang Tre', 'Chao Ga', '2015-12-31 21:55:00', '2','Updating','43000','Change Foodname,Time,Status,Quantity','Change Status,Delete After Order Day 1 Day','Delete','Deny,Lock'),
('ACCT0005', '28 Hang Tre', 'Chao Suon', '2015-12-31 21:55:00', '1','Updating','76000','Change Foodname,Time,Status,Quantity','Change Status,Delete After Order Day 1 Day','Delete','Deny,Lock'),
('ACCT0005', '299 Giai Phong', 'Banh Pizza', '2015-12-31 21:55:00', '2','Updating','86000','Change Foodname,Time,Status,Quantity','Change Status,Delete After Order Day 1 Day','Delete','Deny,Lock'),
('ACCT0006', '2 Giai Phong', 'Bun Thang', '2015-12-24 21:55:00', '1','Updating','41000','Change Foodname,Time,Status,Quantity','Change Status,Delete After Order Day 1 Day','Delete','Deny,Lock'),
('ACCT0006', '2 Giai Phong', 'Banh My Sandwich', '2015-12-24 21:55:00', '1','Updating','47000','Change Foodname,Time,Status,Quantity','Change Status,Delete After Order Day 1 Day','Delete','Deny,Lock'),
('ACCT0006', '2 Giai Phong', 'Nem Chua', '2015-12-24 21:55:00', '4','Updating','37000','Change Foodname,Time,Status,Quantity','Change Status,Delete After Order Day 1 Day','Delete','Deny,Lock'),
('ACCT0006', '2 Giai Phong', 'Xoi Ga', '2015-12-24 21:55:00', '3','Updating','99000','Change Foodname,Time,Status,Quantity','Change Status,Delete After Order Day 1 Day','Delete','Deny,Lock'),
('ACCT0009', '1 Lac Long Quan', 'Banh My Sandwich', '2015-06-01 18:35:00', '1','Updating','28000','Change Foodname,Time,Status,Quantity','Change Status,Delete After Order Day 1 Day','Delete','Deny,Lock'),
('ACCT0009', '1 Lac Long Quan', 'Khoai Tay Nghien', '2015-06-01 18:35:00', '2','Updating','38000','Change Foodname,Time,Status,Quantity','Change Status,Delete After Order Day 1 Day','Delete','Deny,Lock'),
('ACCT0011', '20 Quan Thanh', 'Xoi Ga', '2015-06-01 20:35:00', '1','Updating','28000','Change Foodname,Time,Status,Quantity','Change Status,Delete After Order Day 1 Day','Delete','Deny,Lock'),
('ACCT0011', '20 Quan Thanh', 'My Van Than', '2015-06-01 20:35:00', '2','Updating','29000','Change Foodname,Time,Status,Quantity','Change Status,Delete After Order Day 1 Day','Delete','Deny,Lock'),
('ACCT0015', '3 Chua Boc', 'Khoai Tay Nghien', '2015-06-01 18:35:00', '1','Updating','38000','Change Foodname,Time,Status,Quantity','Change Status,Delete After Order Day 1 Day','Delete','Deny,Lock'),
('ACCT0015', '3 Chua Boc', 'Thit Bo Luc Lac', '2015-06-01 18:35:00', '4','Updating','48000','Change Foodname,Time,Status,Quantity','Change Status,Delete After Order Day 1 Day','Delete','Deny,Lock'),
('ACCT0015', '3 Chua Boc', 'Xoi Ga', '2015-06-01 18:35:00', '2','Updating','20500','Change Foodname,Time,Status,Quantity','Change Status,Delete After Order Day 1 Day','Delete','Deny,Lock'),
('ACCT0017', '255 Truong Trinh', 'Bun Bo Nam Bo', '2015-06-02 18:30:00', '2','Updating','61000','Change Foodname,Time,Status,Quantity','Change Status,Delete After Order Day 1 Day','Delete','Deny,Lock'),
('ACCT0017', '255 Truong Trinh', 'Khoai Tay Nghien', '2015-06-02 18:30:00', '1','Updating','31000','Change Foodname,Time,Status,Quantity','Change Status,Delete After Order Day 1 Day','Delete','Deny,Lock');